Positive file:,/media/truecrypt1/Dropbox/IBMC_2010/LSD/demo/positive_aln.fasta
Negative file:,/media/truecrypt1/Dropbox/IBMC_2010/LSD/demo/negative_aln.fasta
Patterns file:,/media/truecrypt1/Dropbox/IBMC_2010/LSD/res.pat.arff

Positive Matches
SeqNum,1,2,Header,Sequence
7,1,1,gi|41020884|gb|AAR98633.1|,msvctlliscailaaptlgslqerrlyedlmrnynnlerpvanhsepvtvhlkvalqqiidvdeknqvvyvnawldytwndynlvwdkaeygnitdvrfpagkiwkpdvllynsvdtnfdstyqtnmivystglvhwvppgifkisckidiqwfpfdeqkcffkfgswtydgykldlqpatggfdiseyisngewalplttvernekfydccpepypdvhfylhmrrrtlyygfnlimpcilttlmtllgftlppdagekitlqitvllsicfflsivsemspptseavpllgifftccmivvtastvftvyvlnlhyrtpethdmgpwtrnlllywipwilrmkrpghnltyaslpslfstkpnrhseslirnikdnehslsransfdadcrlnqyimtqsvsngltslgsipstmissngtttdvsqqatllilhriyhelkivtkrmiegdkeeqacnnwkfaamvvdrlclyvftifiivstigifwsapylva
8,1,1,gi|33188217|gb|AAP97871.1|,mdgkdqhcharriaiaaiivstcavvsslvalpmiynmvisiqseisqetgfcmmrsrdmlvnmystagksgyrakrawqfgswvqdsgvgggaggygsgpadsgygaqgtnngygpvvnaepepqcctcqqgkagppgppgddgkdgndgsagndakngkdggvgpsdglqsepcmicppgaqglggapgakgpqgprgspglsgvdgrrgepgmsgpagtqgepgpqgppgkkgddgrvinvngppgaggapgpqgrkgergpkgvpgsvhpgvqgptgdqgrkgragrkgetggqgpigskgpngdcfhcptprtppgy
9,1,1,gi|75288178|gb|ABA18179.1|,meeetdeespakiarsrsceppgsssrsresrgslwmsmgvhvensrrrrmskarresqsielsslapgtrvmfllkekentpalftemgelnneewretarwvkfeedveqggnrwskphvatlslhslfqlrscimnghfmndlaetdipsifnavienleksgdlpsenreelreillrkhvhqyeqakkngaggekggflstvrsisdigksfshgknlskieekpegpvtsqtagapsgssnqltlptvesvpkdisseesskgnlhflkklpagveasnvligevdfltrhiccfirlknanqlgdltevpvptrfiflllgptghgqqyreigraiatlmadeifhdvaygardvddlldgidefldqvtvlppgewdpnirieppsklpsqekrkqigqellvepsshkhvkkvveeeeihshgddpalkrtgklfgglildikrkaphfvsdftdafnlqclasicfmyfgllapivtfgglleeathqrmaamenlfggalcgviyhffagqpltivgstgpvlvfetivfdfchrfgivylsfrfwvhvwtaviiflmvvtdasalvsfitrfteesfatliavifiyeaimklvkikgqldminysrdfveggfcscvppigkpsvspdharlvikstglpiafndtfidytaanltdcrtiggsfdgttcfplydkllmsilltvgtfflattlkkmrnscyfpssvrqllsdfavmiaiasmtfvdifvgvntpklnvpstfrptwegrgwfippfdanewwtaplailpallacilifmdqqittvivnrkenklkkgcgyhldllvlsvsilmvgflglpiyvaatvlsinhinslkveseckapgevaqfvgvreqrvtgivtfliiglsvlatnilgripmpvlygvflymgisalggiqlfdrtlllfmpmkyqpdtiyirhvpirkihlftafqigclallwviksikstsilfpimlvvmvairkmmekaftttdlkylddpmpdfhlrkkedakrrqsegeaveiefdnenqatihavkteahlhipmasgnvikiplaaiqepshsinltkevnnsgmwkhitsvdsknslvrdvpassdptssrdapieqpeddddpimikvirpsphtstsnlttentpllkdeeppktnpdepkv
10,1,1,gi|40764042|gb|AAR89639.1|,mapkddpdnrgfddqrrpsqrstvlaipalavndpksdpkiasdlpanyvdddddapkmytpsllekilnyalcrgdianqqleaqpvsipglfrygkkfdylllfigticaiisgvsqpilalvsgrvtnallvypptskqfrnkanenvyiflgigifisitnfiqymcfqhcctrvmaqmrhrfvysvlrqnagwfdknhsgtittklndsmeriregigdklgvllrgfamliaaivvayiyewrlasmmlgvaptccicmsllarqmtsttikeligvgkagsiaeeslmgvrtvqafngqeemvgryeaelekgrkfavwkgfwsgffgglfffwlfsflgcgmlygayllkvgiittpgdvfivvmsmllgayflglisphmmvllnarvsaasiyqtidrvpkidpyskagkrlqnvvgrvkfenvhfrypsrkdakilnglnlvvepgtsvalvghsgcgkstsvglltrlyepeagnvtidgtdvrelniewlrntvgivqqepilfndtihnnllignpgstretmievckmanahdfiekmpkgydtligdggvqlsggqkqrvaiartlirdpkvllldeatsaldaqsesivqsalnnaskgrttimiahrlstireadkivffekgviveagnheelvrlggryfdlvkaqqfkadpeateefeeeeidlddtsrssrrssmtsarsgseafrrgnslndsfsgskrsaqadaensafaaneaaimaedgqitagyldifknakgnylymflgtvfalirglelpalalifgwvfegftfvpyggrmmhrmamaviafasvgvgvwfsqlassvlfavvsenlsmrfrvqsfrnllyqdasyfdnpahapgklitrlasdapnikavvdarmlqviyalaaiianiaiafiycwqigilgtslilllafvmiglaykislmnveqiqnddagriaieiienvktiqlltrcelffdhyqtsskqqkrselkkgmieainysltqsfmyfmmcftyavgiriiyqgdkssddtfkgiiammlgavavmnsaqyfpefvkaktaagmlfniiyrkprtgdlmegdrpeirgnilfenvkfsypqrplqpimkglqwtalrgqtvalvgpsgsgkstnigmlerfydvtggalridgqdirklslfhlrtqmalvgqeprlfagtirenvclglkdvplekinqalelananrflanlpagidtdvgekggqlsggqkqriaiaralvrdpkillldeatsaldseseravqealdraregrtcitiahrlssiqnsdlivyidkgkvqeagnhtqlmhqkgryyklikkqdlav
14,1,1,gi|41020924|gb|AAR98635.1|,mliypcflilwqilsshrvhatshpartpmrnlyehlfldyvkeirpvrneseslkveikfwlkqilkvderdqivniycwlelywidetltwdpkkfgnlsrihvpahkiwkpdvlvynnanmnveenemetnaivdntgrvmlfrsmitdiscnlnlqqfpfdqqicfvtfaswsmdgskldlsatpktdnlelyirntewgltdfrvkiyqkiydccphpfpdvtyfmvlrrspsyyifslvipsafitvvtivgfftphsttgentekvslgvtallsmaiimmmvsdevpatsevipligkyyigliflifmaaftttltlsyqmrgnsgqevdprvrdfffyqiaanpciswafsfqlpkkllrsdhrkqsffftngaahvngyskgalhpntppahivkmeeitgggsvksfvmsqesaatstlltsslmkikvvlddmkasihaerelkrikfewqqvtrlidrcimfsyilitiafamvmlasrdppivlndlimdsvkst

Negative Matches
SeqNum,1,2,Header,Sequence

